date,Dealer_buy,Foreign_Investor_buy,Investment_Trust_buy,Dealer_sell,Foreign_Investor_sell,Investment_Trust_sell,MarginPurchaseBuy,MarginPurchaseSell,ShortSaleBuy,ShortSaleSell,Trading_Volume,Trading_money,open,max,min,close,spread,Trading_turnover
2013-03-21,0.047964845790918205,0.16570321605617183,0.19742825354517385,0.3187629072041098,0.028586546811332852,0.1503589294252482,0.11157336505626714,0.14408117230360262,-0.5095318775587552,0.4500476497255399,0.13984147221075033,0.10221134885734592,-0.20821067309333224,-0.5113425580880158,-0.0007550258533856047,-0.22052572827352152,-0.0659673941685057,0.0876250700592606
2013-04-12,0.2677491894812505,0.41438106319039936,-0.42424591520765237,-0.1656410013087679,0.19019274433852945,0.406547490709093,-0.426489474333853,-0.4561322138324845,-0.2732966768435638,-0.38412750894921044,0.3602116851298385,0.39370628604658964,0.09343445980615267,0.2861324239906649,-0.10937543010403095,0.05938656415617255,-0.15273856568546657,0.27268583421591985
2013-05-03,0.2113639331797525,0.15094570472376526,0.22470649303704215,-0.003085935103021825,-0.05366996949788533,0.0970841132520098,-0.07934442410694423,0.23432091208261277,0.284944502957043,0.39747418013545854,0.27050037445095176,0.20243987416584455,-0.4559395153709263,-0.608306732117859,-0.5228291745033535,-0.5404048697450523,0.30717312862065554,0.14222982643191392
2013-05-23,0.20824137275847826,0.35177470450864856,0.08335478909812091,-0.11203802274448796,-0.0722132582536395,0.18186065570369847,-0.009724818460988355,0.15823599105664657,0.16847601570716841,-0.39968106854420654,0.4045855902143418,0.37646534425738737,0.2881816688051327,0.19447619499342328,0.38654787876943275,0.3944315450147336,0.5789877754912691,0.33923501600749273
2013-06-13,0.23170218498771075,-0.6224010772440904,-0.6009688931563557,0.355084686841198,-0.4036154002856046,-0.21156704704823096,-0.27657029147485257,-0.22229733843053764,-0.33663266742065223,-0.24951185561752734,-0.5168766115596779,-0.5288336981477813,-0.3365573093264321,-0.2694737711470277,-0.24803331060129802,-0.3078393378825893,-0.613316917222618,-0.2395778311614798
2013-07-03,0.08625366956935121,0.30209360162234333,0.1692390333793825,-0.1107786196037241,-0.13604486482275652,0.03168999658463496,-0.10860294740098043,0.13564667705513456,-0.4857655714615161,0.20660041993285533,-0.08714755985087402,-0.10317928783900748,0.533854281232991,0.42547994362916,0.2572431333644215,0.24954326996145465,0.06899584150598864,-0.2948339769639426
2013-07-23,0.0050920473742394196,-0.4532492895810472,0.1892979329144791,-0.32859939095912705,0.6089888698113273,0.1615250119608738,0.033658712061221605,-0.4797427632209632,0.12603524788664683,-0.5587353703344201,-0.3361496098629725,-0.37258115813907283,-0.6623399152320149,-0.7356782056713785,-0.6497131620296227,-0.7009859826260725,-0.30737356444305375,-0.5151155538757981
2013-08-12,0.653216112870377,-0.011725253554487142,-0.343827526207768,0.3693503223995382,0.6295334731057902,0.19601669782789077,0.3276188121121606,-0.15331527274903534,0.3917889717973587,0.27099811037465327,0.1381946069248882,0.0990524884327644,0.9883660325267642,1.0768463311098517,1.0387715782176028,1.014786024806316,0.1812792181841808,0.20554461254994238
2013-09-02,-0.42632967279579664,-0.5441843866053379,-0.0641301954334943,-0.2897061980663902,0.48894143297713033,-0.01033755237820888,-0.31581533635730474,-0.07667709859835437,0.3323715700680479,-0.3394802172195456,-0.07445579044050735,-0.06436178827136321,0.0198212623854227,-0.07817566968526565,0.10940888168284243,0.06089591045912959,-0.26335680525295985,0.0777670770428111
2013-09-23,0.336149758915351,0.159195825250829,0.09722406474354689,0.2369150934020274,-0.1368373860988449,0.10862241751497212,0.3365469563671165,0.2863121754888415,-0.8280443220744925,0.049630650290058004,0.038399291010803124,0.052074116853683586,-0.2959017688310011,-0.40986223982027875,-0.3414166559682305,-0.33196027693042907,0.2301298889711854,-0.0526099711734212
2013-10-14,-0.11577087953011572,0.13583924846701295,0.1396108207447463,0.14371653106202453,0.5552664480416382,0.0012560920945846842,0.09760504644568138,0.20183405490438472,-0.2129103747995723,-0.1274029295237479,0.47441433658461146,0.44832216922251544,-0.4321241576255952,-0.48347207674338877,-0.4866873596677546,-0.396301843196108,0.10917857616619328,0.21372447417491763
2013-11-01,0.22419987595382349,0.5073380456732948,0.3053466288205202,-0.10303852118842384,-0.06011000360778433,-0.12849439010793046,-0.03138633265040454,0.33500003453208643,0.20776321805223236,-0.5029520211987131,-0.1731473768445988,-0.15740061717771922,0.927315976609652,0.9841812625341799,1.0029277690063518,0.9030048658679116,-0.07075909465591906,-0.10541856595890278
2013-11-21,-0.015295009177834464,0.433335743265039,0.05104485735879846,0.3734459547574426,0.11466942661529439,-0.1961942636471249,0.08800384977050828,-0.15906574685946698,-0.1760045769991226,0.2088383269791409,0.04454086469996954,0.03838180679549402,0.31768008826957184,0.07228385023460515,0.01965999686188108,0.029793234699757365,0.02004018635162705,-0.05283796820338163
2013-12-11,-0.5277391913057797,-0.19659726687308177,-0.44555537993080957,0.1334271450298685,0.3404897140384493,-0.33042708947370497,-0.3132246391427098,-0.025695777910808834,0.2957324880645281,0.27945331722788563,-0.03252882024554457,-0.05209227138082051,-0.4233478549573837,-0.5121182557074802,-0.4793247745428273,-0.5067123849936032,0.24949682156150665,0.04102415793719005
2013-12-31,0.3771303131973481,-0.01687496828023982,0.20620133471858823,0.0750452767397994,-0.09452720312897991,-0.24492271772446353,-0.49851274628329895,0.5390672516970895,-0.16605945152000312,0.06451548298368154,0.050724334042835044,0.08955873939057438,-0.10405684008579372,-0.08457866336997255,-0.2406452301375278,-0.1205332382435087,0.30098314749039223,-0.11634685560308974
2014-01-21,0.06143834247288782,-0.4019985180792771,0.090096656919269,-0.028533417307893882,-0.14909646250614353,0.3396796766229937,0.42351763688038124,-0.5734466333929803,0.2837695528968418,-0.07963245709723081,0.05845694730353884,0.01240524328952744,0.8604944610408207,0.8760819353586404,0.8711635645922235,0.8775390921598951,-0.18343770263697462,0.33738467783279796
2014-02-18,-0.35038938635980227,-0.18035411801450785,0.2302418470521341,0.17316328709431877,-0.31762630796226493,0.29697744058536946,0.27692061575968563,-0.21737180676284543,0.43117808191688667,0.2957999011928488,0.12427052453267014,0.15327424483171773,0.6516310643323209,0.5356134964117081,0.7815431513259292,0.7362698390294861,0.23596311728212574,0.1299008126085698
2014-03-11,0.4944465340088935,0.559955077228507,0.03669439385205533,-0.033204438551517265,0.42005583824628034,0.06950572923479466,0.0841201915474967,0.031586344654036515,0.07322533581327569,0.03813941172405172,0.17892572114969338,0.1506769019314975,0.25584211367131576,0.2813989895732155,-0.04044978688546097,0.35835279470546527,0.22838619138613453,0.13439760359347946
2014-03-31,0.2904370699411798,-0.10557636116686178,0.155398034925831,0.37608986144666007,-0.33406378568504125,0.13469195370206927,-0.15418227104853754,0.06737581808505261,-0.40891046012367627,0.25887041616645073,-0.03043117111980201,0.012839308330245297,-0.07365387779764554,0.11709507277118987,0.21835491096702025,0.12064798196145085,-0.16264726065612017,-0.16806081695802286
2014-04-21,0.26090503380721497,0.07357111452366802,0.22405339838139593,0.4372790186489742,-0.012028144313422584,-0.6116638862284214,0.09480489910362142,0.10307167833548059,-0.3180749061729447,0.3204797029451661,-0.014264157869065208,-0.03275899004244434,0.4989932863446914,0.39659894934885037,0.29592232507517485,0.49083761784596724,0.3668513258423324,-0.04522180786057903
2014-05-12,-0.09423182392779195,-0.09316991549966863,0.16122695918312135,0.1465379466567491,0.05275218801618922,-0.36430458636308616,-0.4690192688258529,0.023311650005899798,0.1855819026218981,-0.29388133849604753,-0.12945631528264986,-0.15032080272523876,-0.4496928165446855,-0.37504476434367984,-0.3370167025581228,-0.5849780047719387,-0.38229112270605903,-0.041331792677025275
2014-05-30,0.12257374065859254,0.447937104822981,0.2632324426605838,-0.09819446285453606,0.3505887733305214,0.23132175097057583,-0.2711594086578625,0.13963704628177853,-0.09273581371227785,0.06278826470675228,0.5108733056049675,0.5069084487620112,-0.2071910693695433,-0.2952708659750979,-0.3068265324804998,-0.2966519220637075,0.17256758995119542,0.1469378597549456
2014-06-20,0.3451368274473222,0.1337752950200614,-0.7095311756096065,-0.09763377745362192,0.39319452867135996,-0.18023506553315294,0.1661612226900887,0.2111001065916694,0.3197523199242691,-0.027599524828935962,0.26008763666767376,0.24146808554305177,0.9925287619945239,1.016305843997739,0.9417087064078415,1.04407175300939,0.3702931334933326,0.05051944909384837
2014-07-10,0.40963114856204436,-0.3507524863073754,0.23168820263286727,0.021799831157560387,0.3055533611730403,-0.4163061573844525,-0.11935592857278614,0.26949470413932686,0.030044893432946217,0.1870153616480661,-0.23281564819972847,-0.23108282853623033,0.047715112796985454,-0.10611029527297283,-0.009180788695222153,-0.17592085145665276,-0.0008381383006629889,0.04732711089217789
2014-07-31,0.2699506852861453,0.34440248092969905,0.08828877001526089,0.23261528679352786,0.07084245053159471,0.239137547576731,0.2653177139685532,-0.3505743071204522,0.3684899010398529,-0.1895347285243003,0.029391505458972594,0.013646339765305354,0.19149236656984472,0.36213700953164724,0.5302933089072412,0.5487543958913204,0.13070234311347262,-0.06963525732112039
2014-08-20,0.32673380210204755,0.19336187155957696,-0.05511513645770924,-0.14108051705546007,0.07257930568760855,0.19001135420583612,-0.5499815345110012,-0.10714713172042588,0.1963570330704085,-0.07688044877640866,0.04986303005256629,0.06604209526328474,-0.022691233060513016,0.04011445898031252,-0.08637492034434552,-0.0857291251223895,0.43623047062503195,0.18411601165623045
2014-09-10,0.4199182236535223,0.25112626769396834,0.24647426336128964,-0.18683467416832944,0.018035411127694634,0.0471809698816673,0.3394933552316362,-0.5609785939806679,0.11220428343649988,0.045638444233621026,0.3429159813910446,0.34960857381674343,-0.3734658589432338,-0.4380489530471512,-0.3587129732855774,-0.38812586503051394,0.31954181512136254,0.1671811760870518
2014-09-30,-0.04439339653579197,-0.08542697737309976,-0.25290887301160114,0.436450083452262,-0.008322494252027274,0.254756366901001,0.18606145510063046,0.18168610662969076,0.13304590342758188,-0.5471473551445866,-0.2573856714045778,-0.22034110486096292,-0.30010844324604763,-0.2972423107178892,-0.298732147679786,-0.2321511288145261,0.5354151173530516,0.02380911486778392
2014-10-21,-0.0283430078843461,-0.6165056110794841,0.16463928333810782,0.09079899223725016,0.09987777233515643,-0.38798520886461885,0.2563934552677071,0.07644364275567642,-0.18063999964546948,0.07507598393238912,-0.35391631291116155,-0.3145724677719216,-0.4752451788990169,-0.4448471837296419,-0.5518354554557467,-0.481693788479355,-0.09946844979297928,-0.04196150159523268
2014-11-10,0.017049486378352616,0.1259624029518872,0.16193546081301424,0.6333557500784106,0.03460512917739439,-0.38887650570808563,0.05301246979115967,-0.21303735683452524,0.024875792820968818,0.2999676691759244,-0.1776935624732912,-0.12681629274118292,0.1929650720274172,0.05802560483896252,-0.013702201446310847,-0.15127251112681503,0.0272793732223007,-0.2003005590559053
2014-11-28,0.2916106072556367,0.45913509565722016,-0.3757526306337505,-0.2763955575222438,-0.001375572313926432,0.3122198857572223,0.21842484230000536,0.1000827100531121,-0.5561222544958319,0.20824589126936233,0.2565967551933805,0.2891608831995125,-0.08237402323083703,0.13378824397152844,-0.0357400140900348,0.08405678627412214,-0.012248889350931352,0.23634337632800123
2014-12-18,0.44128375822533233,0.1819617208802424,0.23043791239474548,0.3670857705704156,0.11890431646405686,0.15122865641277677,0.23195242702370572,-0.5622603413758345,-0.018839227825670095,0.13006338431748848,0.3514787009982975,0.35021496064549756,-0.5211575426150457,-0.5278206716269023,-0.3686933653341747,-0.5046937335257626,-0.046741290076901115,0.5198685729161614
2015-01-08,0.21483417944996425,-0.16511115231960677,0.18874024484290414,0.06961880020321727,-0.34890295734337184,0.14017767286081978,-0.21013679805347996,0.4912490450909526,-0.2101702734679774,0.327027404299803,0.16374583686187766,0.20247640094965375,0.20496304568468127,0.091845464302201,0.05780451373663903,-0.14878304119707758,-0.10403502589480634,0.18088782785111931
2015-01-28,0.06375496629752614,0.1997066684692933,0.11581420636552942,-0.3311824889799022,-0.10925928638696697,-0.28631669972159013,-0.2935891120113259,0.37387359979697404,-0.17414801064613197,-0.026707584264251474,-0.0524077701895434,-0.06373885939055379,0.08131723132410387,-0.12916615585166374,0.10636582485905144,-0.22838146635183082,-0.06734976168971013,-0.10991192893783888
2015-02-25,-0.8347515040289265,0.03219855687615847,0.06368596280897842,-0.42977103873594596,0.18754414543303136,-0.22094853767381661,0.22707606896033106,0.4144431682612498,0.08810380601739747,-0.48202198115287476,-0.35038965273291406,-0.3599625007460324,0.09195393587481648,0.2669500705544674,0.16031590172615404,0.3746221806250133,0.007690675020935678,0.02029531654479169
2015-03-18,0.13045848976669244,-0.20387465563839555,0.016488212559961128,0.19214504828483403,0.4245248627900192,-0.27359554901463523,-0.12703686202361952,-0.10537683245601488,0.409554861759471,0.2299123022863956,-0.03135611761529031,-0.06111583202351202,-0.025851738941038815,-0.10766447161638193,-0.072623028936871,0.17945696529265964,-0.007552672224306917,0.16518339785316055
2015-04-09,0.18590053881870386,-0.25188306704894287,0.07183547119185547,-0.01480977099695284,-0.011732560356610466,0.29167035748122255,-0.14066656434734487,-0.012005330954911214,-0.4273229351589617,-0.26972829083828326,-0.032411615297075064,-0.06360150721678817,0.874926849294307,1.0775093203690385,0.98248167659721,0.7921114675537376,-0.17923313084113177,0.17586911477263334
2015-04-29,0.2184281309915358,0.27315231197730416,-0.0593400680051371,-0.054103477639683345,0.31030417229304835,-0.062290926183988085,0.30924580263097456,-0.10928550767031467,0.2647961864668203,-0.14943803859908072,0.007032075150281564,-0.028774706757813046,-0.5735153205672343,-0.6353267844699428,-0.5514132294943275,-0.5885156418287936,0.17229396016034734,0.29661537421559514
2015-05-20,-0.07032289821939486,-0.2912564985007295,-0.19877646404329155,0.43465582512057965,-0.020435544092655272,-0.583094660425922,-0.3464183784755141,0.4963267396501503,0.38339887031865516,-0.39023718170420535,-0.006529686080095298,-0.05124122384820909,-0.4783980419572864,-0.37706344319653956,-0.42374151191379855,-0.3019995622473519,0.1755227021269471,-0.06964722722272232
2015-06-09,-0.15014682574220167,-0.3603060230998,0.11527426759229498,-0.06753874029928073,-0.028346312089202658,0.33072552858762494,-0.21611989336903314,0.40123675526737146,-0.3386893938352564,0.17426262578314938,0.10776976520691832,0.09448042397224338,-0.14450931101619585,-0.08524210674442612,-0.18505345710599413,-0.22817380530889192,0.3872496951161272,-0.03392233974338713
2015-06-30,0.2557539887141796,0.07088203518862451,0.10101771205292624,0.27886459434428024,-0.3199599080712363,0.2456819027327494,-0.19919108778977374,0.44590471707469126,0.23595994459189626,-0.14497407137261387,0.10016958765508072,0.186935330078032,-0.10219357540321938,0.10837483029221143,-0.038986459633234494,0.04837383239442611,0.1527265035653169,0.23263356487842196
2015-07-21,0.16355758528871722,0.20465516756507257,0.15681183828903247,0.2714229400867323,-0.029104372570218418,0.1491698002384125,-0.16045521095864906,0.3120074517297828,0.2221667950013028,0.3596909301730836,-0.07837684619675242,-0.06550758409142099,-0.45137604386990743,-0.45322483972446936,-0.5029869549611355,-0.4755447920626976,-0.3983098432011554,-0.23949853589653938
2015-08-10,-0.3384290774786151,0.10342802364640612,-0.4362318003005255,0.31031034016135184,-0.06660985974288813,0.17592427579727865,-0.5002210650534754,0.06904549248799145,-0.3217367015762666,-0.35055295123049746,-0.15692751971688784,-0.10075923018279076,-0.32909906220006285,-0.20621239898606752,-0.37586693170023416,-0.09028840622920437,0.17665170927121568,-0.2835929227457048
2015-08-28,0.18930362043496737,0.20261880805194563,0.09039623337842628,0.07746364988872119,-0.11100138160555947,0.13631755313087057,-0.10656784895570569,-0.34400716375661483,0.10415766440885998,-0.21298318613267786,0.14458498251614804,0.21663740829111416,-0.37873534597824726,-0.5505621923072899,-0.4226183725528486,-0.5903967732872317,-0.2742388052831907,0.26937253761027846
2015-09-17,-0.400620329311954,-0.12313313268353271,0.10149405638232681,0.4617208279680889,-0.21062240055068454,0.08441839380055435,0.5640194711067453,-0.18544325845759568,0.34621069369962526,-0.18171909654051116,0.10476717490866405,0.07428153557459488,-0.3066184971359954,-0.1667778063930483,-0.4659522130102384,-0.16337072778906958,0.08543264896332092,0.1104846003874193
2015-10-12,-0.46298987771863237,-0.019268368028728777,0.3580175344944949,-0.2542972741924663,-0.18485594283210866,0.11636664222409734,0.13263244986154676,-0.3397997491900349,-0.010481931715081124,-0.16200193103334942,-0.2920269090023854,-0.3029297456191484,-0.09737049212917248,-0.08932240702757421,-0.299315210560479,-0.08330516840642516,-0.3353792371463373,-0.12419105451320145
2015-10-30,-0.5888950147595752,-0.24082722154982164,0.465012385405031,-0.5946872876252307,0.021848689069379368,0.171343871837007,-0.457838232184728,-0.4036498344557936,0.242802132731379,-0.2604348568947997,-0.3973239024641321,-0.39075784799294255,0.9884179727711035,1.0236318041454646,1.0043651282575339,0.9214263777165237,0.00962634566473064,-0.4319824946703402
2015-11-19,-0.2880324468550756,-0.019031951874288716,-0.5615014032037547,-0.3279363341234868,-0.16737990378494075,-0.17693335683344336,-0.3510566058127926,-0.03747231135699288,-0.3595154236705532,-0.19103922788500877,-0.1456084679666226,-0.18206237150825355,-0.5489593638156794,-0.5372783716379671,-0.489588009554646,-0.5091936177238108,-0.4041017386602298,-0.21554091306708908
2015-12-09,-0.30155701946774016,0.23568403585535558,-0.6437088696988774,0.0033298249536023727,0.16675079514810076,0.06933281518712728,0.1018187740311806,-0.315509885256808,0.3125966304617914,-0.0020304369967216324,0.2595305978890978,0.2669891511145245,-0.34195609903195395,-0.4052035680527556,-0.16957476535863492,-0.43301361110210645,-0.1600574703651278,0.265907397476367
2015-12-29,-0.12069931051544597,-0.5084415787574046,-0.24127055721766316,-0.6353041553124293,-0.3844905879423961,-0.4869452009755416,-0.3878924012767942,-0.0020248518687920464,-0.7814257823447233,-0.5043617397617073,-0.5987697708152003,-0.538756265539371,0.07943008441992211,0.2715066545251965,-0.12051512464118497,-0.0771494335914305,0.060143539058650525,-0.4749000237211778
2016-01-19,-0.23672543320778083,-0.011222648764747684,0.22539147873319654,-0.11701267901872925,-0.25840862298033973,-0.14785242718700117,-0.3287943256005389,-0.13787209641200993,-0.15962275810687732,0.026180203134442206,0.059490632172456065,0.12134333034281852,-0.5331427398912325,-0.48045599964064,-0.550959462942023,-0.4347854858764681,0.29506424291018735,-0.4032494379602837
2016-02-16,0.299024119180314,-0.5315997934764203,-0.2134050790106558,-0.08776895400764054,-0.44929273326939734,0.03968007977571004,0.3870557219402141,-0.16273021436597446,0.08708979109947759,0.3513980486558673,-0.16624391021272403,-0.22153482210114736,-0.5178359402170347,-0.5549039486611589,-0.5205387733377623,-0.5643555165075558,-0.12840976208719868,-0.10079661389604075
2016-03-08,0.3494887966953668,0.2698066547910029,0.06510985293099392,-0.06561702687218768,0.19489515398675222,0.12226802902259201,-0.2512052139638833,0.09538326352950416,-0.02974376470551817,-0.16839640707170303,0.3286113184142046,0.3391679648551453,-0.6585867905448103,-0.5633362949529188,-0.5308675767159224,-0.5019680473408703,-0.019064580170198187,0.29200622458088654
2016-03-28,0.4216109992495294,-0.18689149358790674,0.22709139867652903,0.4478115388470013,0.11743673143999615,0.11494308373495499,-0.19246797522069148,0.3105920130556949,-0.03593400205605358,-0.4143853081754988,0.035905075753303234,0.03056803675901182,0.7132506184648185,0.8107654880698989,0.8263351039613707,0.7601142775480134,0.2631539267156528,-0.17971119099124563
2016-04-19,-0.060122077633320496,0.02101482859666895,0.41935992291262025,-0.1216535865949719,-0.37875787611086176,-0.07510476333074217,-0.5684679883043376,0.15647273418980795,0.12011406819751716,0.06732215022549232,-0.044080945364342206,-0.036692662683545874,0.6935716734705379,0.7493832837990084,0.7134619304699156,0.7505916402890912,0.11861304396439794,-0.1857521470336177
2016-05-10,-0.17577897519118135,0.1862450026104076,0.08873753972487528,-0.06224423223634784,0.3968104542255969,-0.054586997142808985,-0.10601187917137186,-0.02364657943521275,0.011240873628258694,-0.033430000084396214,0.1739080766551117,0.20130713938898345,0.357260675140831,0.2814421620784632,0.05835525315365059,0.16345192789632323,0.3907596798738729,0.004796878227001894
2016-05-30,0.30386889399072853,0.3774144208202175,-0.23030760138346493,-0.5476885042920587,-0.39935515846329966,-0.10223996115384407,0.36856203980475155,-0.29454589355875177,-0.03935531672901654,0.013453421541566993,-0.1675024744332129,-0.1378757941259869,-0.0035022141560582254,0.11648187398087034,-0.03168103215729634,0.13913134637238958,0.13156378172696437,-0.15964972721055126
2016-06-20,-0.25350831235474536,0.1096328730926167,0.18243303014523082,0.017016920207372166,-0.05823415642795862,0.0353809522424256,-0.23949544829841898,-0.011435792999948582,-0.5936371978438627,0.23102947041669658,-0.0763359019572574,-0.10464793862559582,-0.07929970334582631,0.04731591330908125,0.27215982504045333,0.26183457789512987,-0.20393587755828302,-0.20148067215068535
2016-07-11,0.4051330528789866,-0.23135971545460338,0.09105818993984191,0.2782566310890414,0.19952493028100843,0.11053268250276611,-0.17852825414216056,0.3137646354145841,-0.20396475874864134,-0.12753559912182033,0.011833885578155928,-0.020855829768459788,-0.3627776327120768,-0.42186680598578385,-0.3839535945914678,-0.35585201476111933,0.015435076025347189,-0.1636465050179886
2016-07-29,0.2040568780686401,0.03854687153551967,-0.6387833587220326,0.3193878337352709,0.2234044753464165,0.29434941176780216,-0.4136449427793761,0.03224130086114421,-0.0246536474314236,0.13061919819783388,-0.08594207663895762,-0.09883502040533065,0.17761143428432935,0.17534567078246624,0.30740044385115267,0.4226517395840697,0.45906398602576026,-0.17215660529700172
2016-08-18,-0.55307602509888,-0.07305385152035668,-0.446089104477696,-0.35897956621732985,0.08396688834093527,-0.06247354073700109,0.10674623178706874,0.017911820759711643,0.1872442948662965,0.25699693910660953,0.28761571163611666,0.27620736149272057,0.6593762464144965,0.6747150194329712,0.7468681962179204,0.6323707551036745,-0.16491913305392347,0.3430974343729861
2016-09-07,0.07127429207508502,0.08538776067708018,0.1690375425207064,0.49303681244822106,0.01496758320477401,0.26960940682298795,-0.3797898144250094,0.0115710095370507,-0.2622809886091854,0.1846555443824537,0.42772974678077447,0.457099941364946,-0.2977049494999074,-0.1244882380192601,-0.40971106762150195,-0.39398865800795213,-0.27691176948114804,0.4328883078715467
2016-09-30,-0.6500973058728498,-0.3972046783719026,0.265518276231807,0.0329817691901336,0.27280598430282943,-0.13000607835884972,0.3672632095343026,-0.05024723404816697,0.23910081954173706,0.15519977210336489,-0.19037848273073107,-0.21453260990855752,-0.17181909895108632,-0.4210503796721301,-0.1422491146917892,-0.2679286374103518,-0.192863171493119,-0.11126121024762364
2016-10-21,-0.21373726902898701,0.4404367950806858,0.19710790128343397,0.26356868630459485,0.20590441596793113,-0.027215168890801028,-0.13110545860597908,0.37612707506042864,0.19471128101255633,0.34313059240278926,0.4517661219492697,0.5036241007647004,0.937330432322276,1.0636138665660557,0.9796284980683987,1.1045333729278533,0.05653042134368186,0.32081026080363556
2016-11-10,-0.1587499317606153,0.3552721729513827,-0.5923081420635099,-0.11932236886367237,0.3419748451765213,-0.18117605673624493,0.0327106606382026,0.0307039338747295,-0.49375691859509624,0.3717234852520033,0.21685188929142724,0.21306553890312427,-0.2275276572014195,-0.11422805446642276,-0.10095502446220594,-0.21255058523649903,-0.48139847806969654,-0.15478249937600422
2016-11-30,0.22300716503018247,0.18559907016597207,-0.2223718242339387,-0.41085365266782725,-0.3948046813336256,-0.00771056989487412,0.25885965002332906,0.18616476325132536,0.13884957678198076,-0.04941750670119238,-0.3727903979466817,-0.3844957320134096,0.5440726110282524,0.46995769619892935,0.37257302713722984,0.6070356305356795,0.1797981554858081,-0.38737354133565116
2016-12-20,0.007391984539844101,0.35867478642183837,-0.5021001946384601,0.15700574182624205,0.4432806205835098,0.24893116232511842,0.0902402324042504,0.07726113440184353,-0.3362841909929809,0.024702960127418776,0.33198612100502356,0.30915195963809855,-0.3838141134658931,-0.31410480766430193,-0.4717825489535961,-0.3599517850158614,0.0276344001130146,-0.02590906324620143
2017-01-10,0.12528271258441598,-0.3153962147749986,-0.44315107394130787,0.2730330706884448,0.0251768107562637,0.02319869775265164,-0.47890283480015416,-0.008925763985233509,0.17071319740405802,0.3017538472915983,-0.5130975802850879,-0.5082918109587268,-0.07216949183235652,0.14369404640286942,0.17361139594657513,0.2184641639852278,0.33644074598284895,-0.5767165565506912
2017-02-07,-0.3211341659321915,-0.41899125337332066,0.29361350616999865,0.33491281230933906,-0.3574541608689259,0.13792338111674024,-0.08188169374416238,-0.39322818224391487,0.09468865310853965,-0.041042088262075234,-0.4674846524392776,-0.4664341473832403,-0.33345118546863417,-0.48199731573569365,-0.4595555126260346,-0.5073711976890931,-0.3493222093170705,-0.5133084850268619
2017-02-24,0.3741502493266984,-0.08688325566010069,-0.13899205095059486,0.2616762601366155,0.4830742184297021,0.2333070587472162,0.09025598403295312,0.13478167073725877,0.30039410505516106,-0.02414249784719203,0.2952082346650341,0.282714304818587,0.10150214664635282,0.40375820822864755,0.2531829503222292,0.2828726013417057,0.13255500719750116,0.13176838320856535
2017-03-20,-0.011413948609406394,0.41291310867512093,0.2179726350164323,-0.4208328878751032,-0.2503282303202905,-0.02474755849152894,0.09433446430566067,0.1893424957774863,0.03636791283305964,0.03471008844145748,-0.05166972394388683,-0.06672571698056204,0.8652739484004119,0.6504141391162985,0.7877332652175497,0.8953459968341039,0.5762038184348662,-0.11234247482635415
2017-04-11,0.16148714723908814,0.09488992576113209,0.12488828486030104,-0.6234479829900766,-0.15501425364289903,0.13863010673030163,0.30465595483150654,0.389662067689264,-0.03268221987326592,-0.3347716463736791,0.054889928189493564,0.06128585367428127,0.7687581547332354,0.6128592134352385,0.6658926849728215,0.6467221397915597,0.42594889799408375,0.12118244737269075
2017-05-02,0.2994072398075148,-0.026861409386610996,0.2824514636705289,-0.1832327893382749,-0.11412653768125641,0.28284519313007295,0.012053684750345935,-0.05301864906690161,0.29980411514898075,0.21565167802489488,0.13207004690478175,0.10260933393529018,-0.10683399916152375,-0.007884668565649344,0.016226789499853234,-0.02684588301452312,0.4467171086307168,-0.0020575984794057867
2017-05-22,-0.2327680195020494,-0.000326418323111588,-0.3732579268963238,0.08620852845843782,0.11894598992327723,-0.2698082173282095,0.3129233286605139,-0.007841331418941028,0.2917284687499054,0.02742498887416816,0.07223923192079335,0.04796447280339844,0.0055369478375493775,0.39116098464750226,0.23065582478920416,0.35123054380089763,0.09612770169330986,-0.011513159003063406
2017-06-12,0.20067576783098479,0.11113865955553973,0.19056608673905912,0.27770615411991995,0.11162243903606886,0.27019217865292167,0.0547707491560474,-0.16263865850279322,0.17745313361308573,-0.4064011759161358,-0.19080892585059378,-0.17962724179374817,0.5880750850924652,0.8412258808334169,0.8055062965318125,0.53901136990238,-0.24743819688261806,-0.33243834298437347
2017-06-30,0.3825114262787395,-0.07870295742076666,0.2540244255860739,0.03961599889198645,-0.11093490654369662,-0.5487428948512707,0.20685702244422502,0.4714645211395417,-0.3114903243748244,0.4395987442782153,0.15497894530975265,0.10548132386277143,-0.4264542157387095,-0.46682838896574996,-0.43980175016455925,-0.4146379381127786,0.3620030474693834,0.2549930142288639
2017-07-20,-0.4589045187480755,0.35330183918033864,0.12333432404829406,-0.2967463330975224,0.4756355222054506,-0.24832957501765832,-0.44516345159121196,-0.5372492251191537,0.290663651340404,0.3528261324479929,-0.11681501218129961,-0.12457783438065131,0.3946000564735863,0.40516265513550626,0.40558282451814304,0.3128854907445224,-0.05721734583135124,-0.13395544032388745
2017-08-09,-0.33174892021727864,0.30667130282314947,0.24668875768432125,0.19520466611355033,0.5163115335172161,-0.18552251239407835,0.2311998743492097,0.29498714465168996,0.24739121843268377,0.1362948261699562,0.5122535104967513,0.5624047698566083,0.16159000450055386,0.4590221283528707,0.3314399922046209,0.330587078656855,-0.06583311270532866,0.598629948239942
2017-08-29,0.4253565668821822,-0.37289999192813,-0.32106450134787495,-0.12792608623489365,0.06793507328030797,-0.15147905942014475,0.3458910726252408,-0.07556323020101731,0.10899346487829682,0.197914976405319,-0.2423751175223836,-0.22009123490430135,-0.25842256976553696,-0.17396214487485565,-0.42871875739233356,-0.27595194278644186,0.11061898573619186,-0.01747872666426531
2017-09-18,-0.053187044339457895,-0.18936675782140577,-0.3105738658287968,0.5651896359058497,-0.02921620590094487,0.2899792687363716,-0.4283578236878261,-0.0009941888681118394,0.048447935341883595,-0.7519918203837727,0.10867589541873707,0.08653389456072137,0.08360572544471413,-0.31428442701270104,-0.11763188283509507,-0.31791012937145535,-0.18838930299902737,-0.23217392081701102
2017-10-06,-0.2312765596198249,-0.24137144522553405,-0.49309006482792456,0.3355515074283047,0.24447374976494973,0.11698544453962373,-0.18345513576085348,-0.400639590720076,-0.25936558097356943,-0.21856947806268295,-0.2625683218088797,-0.2797933490021365,-0.15394240998888647,-0.1404067986285159,-0.11987426274551549,-0.13500804181605847,0.059308573832225764,-0.44563233075831354
2017-10-30,0.26676870562911453,0.3691879387632585,-0.4637951572725807,0.34284685262321285,0.42436863169752326,-0.054803261690916705,0.22603849769784345,0.4523500279839764,0.4430291023755931,0.1615713041263924,0.40989456645883404,0.4340925332502332,-0.02998751819078263,0.24630660698519058,-0.05020389643347928,0.20819533677644228,0.026381984390005386,0.4457723361356897
2017-11-17,0.21768449235117898,-0.33163297763318345,0.2814418542818689,0.12027783016472646,-0.07532203277584928,0.0006724503963848475,0.11065255758794987,-0.42569347111535727,0.030399751989094993,-0.418515673916639,-0.15037851417304687,-0.13341430931433648,0.038843262245671195,0.22571299661240188,-0.19170981268637358,-0.17160917862230252,-0.48914282814491994,-0.03299169723287654
2017-12-07,0.2184024746257825,-0.49494263783375314,-0.24139999278454444,0.19551041360209953,-0.7041012553226276,0.1660727267090471,-0.004747958575340428,-0.06917072275952385,-0.17434282690956848,-0.747327199175067,-0.5749268925008073,-0.5980612214055109,-0.10519477269463953,-0.3178901477844124,-0.21705992882362013,-0.3535179879243825,-0.1949085957297493,0.07519506587619436
2017-12-27,0.22480300948498844,0.26842175643252303,-0.042887396426141006,0.3249885564435805,-0.012618995443611447,0.13079904549202787,-0.0821632361465515,0.3272403657016448,0.16559491094722012,0.2656928501994243,-0.00881141019486184,-0.01291172926408854,-0.36242472031571077,-0.30868062366329563,-0.3579593627459549,-0.3180350025181449,-0.11887776141236539,-0.4412984816858529
2018-01-17,0.06311656030812765,-0.17070442216542983,0.3186444802103069,0.07500432038048332,-0.42705009556586104,0.2614281464049747,0.12090324120863176,0.28787986561360923,-0.29841421891262343,-0.012125839751983794,-0.006994462563287923,-0.07500214687766701,1.0668964566296673,1.007782261482677,1.228931707661255,1.1604896794756936,0.010293940629700293,-0.1127880850159736
2018-02-06,-0.1946230982267336,-0.05886068589251611,-0.013086548986658442,0.042239136548883775,-0.22687940474688437,0.11609046334410149,-0.10653445848020095,0.04360873544816503,-0.3334706730416014,-0.28228495453133723,0.09659299439332064,0.10856916541965986,-0.02495214795012074,0.05715823717760363,-0.1322561823325153,-0.21168841284384443,-0.2615086746428221,-0.09521460569281623
2018-03-07,0.40014186323002093,-0.23845252997880728,0.2784401489361332,-0.269650295290828,-0.07903793601525635,-0.326726198372624,-0.6734475335385163,0.22375315640048551,-0.5823686606410474,-0.10713876469858373,-0.030587354897407437,-0.003225122835005867,-0.3790863754906264,-0.3544648330442319,-0.40564257688961586,-0.417552238433932,-0.3610067524720448,-0.0052442063276303685
2018-03-27,0.13406660501700585,-0.0675261819254444,0.03827074550206898,-0.09109242657135061,-0.0050752014994335515,0.04555290898261967,0.0525667661399461,-0.33297206019652537,0.1974095447878748,0.14845347629827244,0.17406790019968763,0.15230153342586925,0.006614167378653502,0.15235439713222498,-0.04892911541987216,-0.09770788819851536,-0.1429806858559573,0.15510142807112462
2018-04-18,-0.24360582882019718,-0.381134062473112,-0.603718692713322,0.18892160394206833,0.10238041085453857,-0.002110324826453319,-0.20796045891689505,-0.35911222208603033,0.06243589628399203,-0.019813255784870823,-0.3927054704485848,-0.4027162006583017,-0.48877813390851277,-0.4815314714113206,-0.3620179413856984,-0.3716838426616706,-0.3195640968189228,-0.4099924423315837
2018-05-09,0.23353427226501644,0.4195112523836914,-0.46971764173768565,-0.010791827387206201,0.16047930311634867,0.3299766560796462,0.24147843299325322,-0.5108777702355985,0.2797624214670111,-0.0012819063533324251,0.2558373393235353,0.18209405461314018,-0.19957104043912655,-0.053631920821364865,0.06960060342055996,0.03219855140179301,0.38205252124850836,0.3854300967670614
2018-05-29,0.39280948729091636,0.19370834595164116,-0.3888133315232739,0.1269234185219143,0.3076582887199327,0.2975224761542425,0.38873891683530315,-0.03317989198362592,0.23151563013124202,0.2911192248747308,-0.024395207461842705,0.011990813321344607,0.022286945245348466,0.2506549058274664,-0.10757228716273526,0.20588039919512216,0.2510642022683624,0.03501714036952969
2018-06-19,-0.37110090507646193,0.051355877278175366,0.18806431635086385,-0.07972637260210973,-0.06899946955762304,-0.05246545750483961,0.26614190859032294,-0.30269048195524656,0.02339972770486383,0.1285610965532994,0.05951343177710755,0.054579981289299584,-0.47184054727421865,-0.5577111154624861,-0.4933202327742679,-0.47716600934183284,-0.10500226075329427,-0.08543412619586999
2018-07-09,-0.39707671973628506,0.3081626325857432,0.21530308131578502,0.28759336806170865,0.17000269902395682,-0.1308731950469767,-0.11283586153743284,0.2707244938898005,0.17359269735816316,0.28180382777709423,-0.05842288871167883,-0.02819813205514851,1.088549885071994,1.0740362638134262,1.158718878982437,1.1274310044496536,0.1953110196236098,0.30933457701158124
2018-07-27,0.3535249297527144,0.4475447207469908,0.061687819154935264,-0.004070341049856013,0.5320898701521317,-0.5521608199410782,0.28165492342586396,-0.23470889471603565,0.07808822543285837,0.09914342036338827,0.7882263823151373,0.7440233346781776,-0.09101328388101787,-0.013544860159906469,0.09185255929961084,0.18316494170528674,0.007337995656637709,0.5351213077789185
2018-08-16,-0.11763402625970393,0.08606066612687974,0.17915331562562845,0.40214753645385415,0.20787987574090747,-0.002316642183411169,0.7513907802021875,0.11069245401138199,0.21705772223761768,0.11582863768484328,0.6062730931252193,0.5936130790090438,-0.2735116391484755,-0.39381384329517133,-0.2525433721802494,-0.30834814972114033,0.19590482937376633,0.46164578162542147
2018-09-05,-0.2599664467690649,-0.19482847131932146,0.08922549113467625,0.28951948786464476,-0.10317496382395697,0.03755931057050549,0.16975409996655655,-0.4754667505380089,-0.12476307055218584,-0.0015705522003628541,-0.14245859887690218,-0.16578737965158027,-0.416059409840391,-0.45111450040081863,-0.2788647569898801,-0.3769441821781344,-0.169658801668208,0.17200851792222344
2018-09-26,0.31729667578240867,0.019552077204757795,0.06491057339327429,-0.36865902168924874,0.24673655020085808,0.11998059340528286,-0.6186806547461116,-0.016940814358094095,0.12672223813295375,-0.23159573422954138,-0.10184934170464063,-0.1843457478938119,-0.42116523785820104,-0.5344448287911265,-0.37894489561667255,-0.32537918539245747,-0.22356591034347312,-0.20947182213373516
2018-10-17,0.32841547689379297,0.13376741366034428,-0.3475077250563037,0.1419391110823944,-0.12023904719273326,0.005775202534855065,-0.18343875250166103,0.1289811520882841,-0.0248678399190983,0.12729056266056765,-0.22507739761364162,-0.042160914877419825,-0.47561402066750647,-0.4626111474691533,-0.5128028913030367,-0.4631853784966977,0.0549487886563757,-0.3357117317408375
2018-11-06,-0.04774252124673975,0.15450739269945318,-0.04312027982880873,0.36307469084082855,0.7723224752058023,0.05026137051300234,-0.04112972566010478,0.27400243876186914,-0.1056689424932256,-0.22228622373184748,0.8098126486038619,0.8360742176139124,-0.2060723087997619,-0.336585960398205,-0.2695138682477488,-0.35370099936504484,-0.012713844895664766,0.5087093199792341
2018-11-26,-0.4938781874338458,0.1554126474582373,0.5711046304539573,0.3325658010221955,-0.2882819619391483,0.03380581970863847,0.4381344107939982,-0.19274662459543665,-0.3051747946378558,-0.5692618319624989,0.6079347697846078,0.5877655569428082,-0.21670005544086965,-0.03600418865005364,0.09022454122210727,0.024050880689829482,-0.12799240556553937,0.47230169101136865
2018-12-14,-0.4578767892679224,0.11279989285967207,0.19027888207368782,0.232538071158736,0.0458052616646404,0.18367035387562133,0.09719154613299813,-0.1369351359746927,-0.15204360467853886,0.07238862652815548,0.008378686094481558,-0.027330194459669888,0.5702937538855838,0.7314344844729918,0.7994686212953134,0.6885765016341796,0.09687034778215114,-0.19742226030314527
2019-01-04,-0.12474646003010564,-0.4437699400169851,-0.1298682544498428,-0.10778303410791043,-0.36749012718265406,0.1168351700288415,0.1066039035341119,-0.09259522663556352,0.2468407187320603,0.07262092445486189,-0.16768608079401598,-0.17296522930447536,0.22821438996491628,0.49010960354546196,0.5219149035894068,0.35693726666921055,0.175809509865039,-0.1385356905355262
2019-01-24,-0.32778400359131205,-0.0025945968202819303,-0.0656620183885571,0.33786493251047645,0.21966395283496823,0.04183654450615317,-0.10017228386667495,0.037194927760250615,0.42102252267698126,-0.044182653824786755,0.12344460863226445,0.12570790720513644,-0.47965637319733867,-0.3608654474764124,-0.351810856885276,-0.3222093558143057,-0.26496505826503186,0.2635667255064753
2019-02-22,-0.1888651955431302,0.158836335385444,0.06956231628616164,0.2384311397827406,-0.08393708107028441,0.21740463394789525,0.04038367032629347,-0.039854278908454346,0.1819352599977729,0.13736638149260522,-0.06672043002245101,-0.06149368661004506,0.2734614923030667,0.06684395945674301,0.4177148262662622,0.3832818035189287,0.4661925384598564,-0.10239655192124536
2019-03-18,0.09827770660931157,-0.1723591066830431,0.051275764158690604,-0.10762913173564323,0.015604346713198491,0.097627745281063,-0.027725721832664585,-0.30235136893451775,0.15315728380085283,0.23911949742614905,-0.21185417966446687,-0.23349875255337324,0.33233444992827055,-0.0338802961615044,0.5461151751719742,0.3359760617733181,0.04962548798136253,-0.3007010631351965
2019-04-09,-0.2458131708923042,0.5409052381146566,0.08599116442894633,-0.2615768492665581,0.10730953990442824,0.07695732787901206,0.0632337758576727,0.011209673178246367,-0.12310184146504433,-0.08541168882065009,0.4105271385580751,0.37891845586684747,-0.5302968329702469,-0.4578935279897562,-0.5129040260308324,-0.477984551643897,0.25618573170677755,0.19582016918040135
2019-04-29,0.24030921761192756,0.13489413491089614,-0.04372902104538551,-0.04361565137999246,0.027691742659578453,0.060561875340192195,-0.1367849581796101,0.07449863930461599,0.26081070210761,0.4055192144023589,0.24301090297455213,0.22417032200928555,-0.11144890474851293,-0.31147429192548265,-0.31908961205672864,-0.27414011826863366,-0.1914447857632237,0.2681768569407864
2019-05-20,-0.5650493227238901,0.37119971691800724,-0.03352298565922858,-0.33880874446017295,-0.21468592484925345,0.14102456186309892,0.0629639681518871,-0.23932675641975337,0.13709913434676907,-0.07996847166932833,-0.34678554028617337,-0.3455919061908541,-0.5586697860553946,-0.5703911368170105,-0.5408051172160528,-0.5003779803620703,-0.2484287896821462,-0.2437174948170509
2019-06-10,0.4888610457881557,-0.1182231128037837,0.010054156471078574,0.2227339860907004,-0.16364360700948397,-0.017375061115608097,0.1444614108161468,0.12776354788604657,0.32127190436075603,0.2935271934484001,0.03769677416625147,0.026748603744988997,0.8577297591989921,0.4846572906600565,0.8785380573747001,0.5110943183416178,0.21505300222823992,-0.04191843316089758
2019-06-28,0.1476879253537476,-0.28765506705717203,0.28564437142063465,0.307552691511218,0.44743542415338444,0.17561578901767586,0.011824161387457097,0.02055228200231081,-0.4776578423442197,0.04820433691465478,-0.13325903659200425,-0.16038409735811754,-0.1846398575399184,-0.1655373242362691,0.08022197821424898,0.03641135662252454,0.47193244070883117,-0.5068487039660324
2019-07-18,-0.019955691177424503,0.4593593845861293,0.3764477767623189,0.3088142104527287,0.08391622398129209,0.12452989055637136,0.25095097759746554,0.1933590928900759,0.10551421338623174,0.17265606605847764,-0.1013773803516711,-0.196737774185285,-0.17604457663737633,-0.37774155734769566,-0.30924497788634353,-0.5017842855775867,-0.15189546196846662,0.008401307459127219
2019-08-07,0.19723797664121837,0.20413911937050536,0.07505294892739095,-0.06715581568556199,-0.16448769069910235,0.17524069933812467,0.16691575238145204,-0.7397234024100321,0.2643077761195828,-0.35021775836002533,-0.26659939326695126,-0.22850917151518962,-0.5810416783538794,-0.5668520188104393,-0.6019855780730361,-0.5060907778429794,-0.19917280514966768,-0.3501145114970969
2019-08-28,0.0108909599249669,-0.10183668884877667,0.28182246883483375,-0.0824430084552949,0.04985432169598902,-0.0956436301693938,-0.2949882849740648,-0.13402214292505998,-0.39751185400750744,-0.24727896750600836,0.02343098438812527,0.02422284649003069,0.4163531765036116,0.5203537585164939,0.5375520749897781,0.43121026006096796,-0.09520798360144583,0.08477686327301043
2019-09-18,0.13913126570086387,-0.2770903498999584,0.36536324463346487,-0.3569179576437047,0.2627668741336121,0.1774918484302382,0.23499849745407692,-0.09065872456219584,0.39329429247400993,0.15667821772167628,0.06999981553482915,0.03994115722379471,-0.6276865554309986,-0.6330196105739367,-0.6058152669132734,-0.5779666928669946,0.11818585353857401,0.2272624557405864
2019-10-09,-0.35877264649688023,0.027280059737467305,0.23035408755829845,-0.15606759633413228,0.15560711927731488,0.15920859162160683,0.25883338630206804,-0.33756256842953775,0.11195601536209904,0.09483663046395963,0.10303194760433966,0.10195522257226346,-0.22998299205478098,-0.08132371238826397,-0.2339025165916842,-0.044705517657363636,0.014908123794027561,-0.041129073218362316
2019-10-31,0.3843490502570477,0.253612809113442,0.43759900760161596,-0.21940028780048487,0.4013276802288328,-0.5874656414499878,0.27694384173972586,0.3680740820792141,0.30489436934586256,-0.013035519425967299,0.4526479420996583,0.4713653504605791,-0.2659068184720421,-0.20365578198848144,-0.23891889162613078,-0.18046252416479824,0.05187496796938085,-0.02629016335245693
2019-11-20,0.23866415458915732,0.2121997780282613,0.06824686604057487,0.2682489304218116,0.2632831370525495,-0.5813677895365148,-0.05128007215310661,-0.21393428511266213,0.23128081119931557,0.32062375236291224,0.2642790762642451,0.25931856368002193,0.4120145894353311,0.35580427446551177,0.33315288699803847,0.3197218565941911,0.18888927165149608,-0.01631540538451079
2019-12-10,-0.1935575744218505,-0.38350738805134094,0.1657635709091831,-0.32522547205331015,-0.2917601008267259,0.17489538079278588,0.21262550395317384,0.1774233326808232,-0.39323429210772104,0.2706329018513118,-0.21997232156459856,-0.21963798130946688,-0.07294528234516237,-0.2977344392674437,-0.2917640225954575,-0.06076017835721337,0.06399827177050729,0.010499622267480163
2019-12-30,0.09395315758516898,-0.5226599382408205,-0.15984219814383002,0.12554868281266301,-0.5447525560722135,0.24117768761227493,0.22973347018743792,-0.6757660087785404,0.12867333826755212,0.23883187596375385,-0.5381902558658702,-0.5569088832301905,0.2688455799702616,0.3211174735970961,0.1915281081672171,0.08756410253776725,-0.14917166801825665,-0.6024426699048221
2020-01-20,0.28027578601800474,0.48705935002936296,0.17548876968944874,0.254994516548743,-0.14327999729054963,0.025370698622202356,0.24319884960293087,-0.058964792285798553,-0.03558408031790361,0.2934830331971334,0.1449875379702379,0.12788600494691865,0.36340083880280016,0.2541830862761828,0.5806783460313835,0.36224376938111785,0.25396148484975883,-0.020605001598556494
2020-02-18,0.20048370433345747,-0.48315962864168194,0.12944307133980076,-0.03876578322342779,-0.5888586023138387,0.0967120577646914,0.004879858701527368,-0.19038039051127992,-0.47732610770953665,0.12528098452434658,-0.15405787247941066,-0.09255932166247041,-0.18284101810884962,0.008671753966091655,-0.22917134161467667,-0.21310489811197392,-0.5518482508504019,-0.1513901040855056
2020-03-10,0.43257185487309424,-0.15468579141936528,0.4426705326702405,0.22995527218168205,-0.18286982255869294,0.23439926943410036,0.23044058028778983,0.18564949535597794,-0.06607599368478766,-0.40559245884302464,-0.060558572341870676,0.050413469096331515,-0.6581682291374842,-0.6064552259967524,-0.5448043853336336,-0.45787417724867874,-0.06361530982945413,-0.11305407567003495
2020-03-30,0.46656632069912235,0.14902137769339893,-0.45859835925922265,-0.41916057790063577,0.03042831285396891,-0.26740015204347356,0.02000050330965626,0.09121268667135936,0.03952049294746743,-0.19957584896164515,0.1924418434850722,0.4315163855619664,-0.5129653941613724,-0.41267151148483566,-0.4912816559135968,-0.3797765006888393,-0.49228726809778184,0.03205717301353704
2020-04-21,-0.06274946826760046,0.0785711736220518,0.3261505129542119,-0.022657732259283137,0.2277808708086268,-0.1399873710023934,0.0857798109433697,-0.3208853762922224,0.3243819233101385,0.4569961849310917,0.260655178263668,0.22988205370635312,-0.39827364862204,-0.30624153846564034,-0.46074184155008,-0.3806145547318434,-0.27663323920379523,0.17391676090685382
2020-05-12,-0.37543551789479124,-0.3791260463595463,0.032166330187447606,-0.07084675160267473,-0.5606072371584738,-0.09869503798070421,-0.7178900743704894,-0.49485873304063793,-0.27291145015417456,0.06463426693364464,-0.7161654898103915,-0.7349181420793749,-0.7389922049131499,-0.751913655150181,-0.691013972213679,-0.6866261236479823,-0.6371941512360592,-0.6659339480993837
2020-06-01,0.27269324124039035,-0.14037516943727027,0.37670269764278086,-0.17706082174456653,-0.4694615779466826,-0.3881370170273283,0.07530248866981387,0.12458540787005618,0.09311275456215902,-0.0837143019504272,-0.4918873132247584,-0.4955540391182876,0.22863488400766374,0.2142565250035855,0.2533805485833581,0.391315417822302,0.2617494971592468,0.03815793937248039
2020-06-19,-0.18261300549555837,0.1962477545964516,0.10974762535620106,-0.1461766688229488,0.32852175702872655,0.36808365847277835,-0.10277672819462978,-0.20120378150193857,0.10898092595280566,-0.1681092015101274,0.4899387720582424,0.4593753410871539,0.04821695763891512,0.06541071107119434,0.2664698128072497,0.1244603046689379,-0.20484780464867544,0.5971389208754344
2020-07-13,-0.43384114864702217,-0.1907390025951164,-0.425963979265203,0.08939013394516959,-0.031693639805746326,-0.1257207036777068,-0.714584425579191,-0.3695802973286475,-0.6143283332780315,0.02980816352265981,-0.3480222942825244,-0.34027983433121267,0.5222139659994295,0.4704051695334771,0.5767219477426273,0.5629535551577118,-0.23872627709524583,-0.11145672186622457
2020-07-31,0.1735960065416215,0.3202238570633414,0.11217962209499122,-0.06327050234512603,0.072288871407891,0.4849982712910623,-0.3181307943707281,0.2426669880445928,0.09438699667700812,0.2848179328943752,0.3774986238575696,0.43299059656368927,0.6088492964396373,0.5640219101596402,0.6585947114245204,0.5122637302499192,-0.2011372236053434,-0.036999426132557495
2020-08-20,0.036473351080741796,0.07365409688494999,0.007406323335924218,0.18532840740505124,-0.2969575904308984,-0.04479897514074963,-0.06870026448646135,0.2589061207407073,0.07786123160349812,-0.005356169688165295,-0.3937773476039188,-0.34962848732108914,-0.15503374256689895,-0.270335585472043,-0.20988187974392047,-0.25125596490957164,0.14068176162672646,-0.04118695755523907
2020-09-09,-0.08304007050886991,0.2728120372262515,-0.39675695200879224,0.4742247276055137,-0.07232068310680123,0.22313181697386442,0.12947189389916236,0.5732199194609402,0.2333733578148538,0.28635724350972136,0.29292517804503315,0.2979078436178634,0.4418614345135093,0.4929952670839053,0.2182123848001139,0.4301928586790797,0.019479589134023867,0.5516090930479763
2020-09-29,-0.02247999712321322,-0.5234925897774034,-0.3220566948744463,0.2985877815022665,-0.25924458295439,0.1828753143196376,0.25448924807629286,0.2618480959682956,0.20713433532057793,-0.28962433247918773,-0.26337042974273195,-0.2759103190129191,-0.5453617340840473,-0.6679285623118326,-0.5447178874679722,-0.5511242226139224,-0.2208906005648658,0.3434557980658184
2020-10-22,0.34454276656000815,0.3461097731119888,0.23976342158008213,-0.8381257323870246,0.4056779604388102,0.19055072819063867,0.0372591781354258,0.15166129089361424,-0.00877350133978267,-0.11082724265960954,0.2864940837095765,0.21252600786253742,0.710877659388061,0.5906394772134762,0.8936432649451174,0.5491799463197145,0.2633454952576061,0.19598957959001717
2020-11-11,-0.1540478647148757,0.131713597299933,-0.011636634352770047,0.09536469667109003,0.35397335808671915,0.18754654437086005,0.10696146919277365,0.1333473588174624,0.04741560139982351,-0.21198856192920174,0.285139866778536,0.2904367043851479,-0.3542143795544293,-0.32966940528141236,-0.6067078762607778,-0.5020534040562721,0.024380959372184166,0.30774302682622723
2020-12-01,-0.28056950786144474,-0.43317538043456927,-0.851159839123641,-0.14049973591583248,-0.4764533873155591,0.055271540995923255,-0.3983123596215214,0.40162470516172555,-0.347044452090683,0.10295542091142548,-0.4785390933563373,-0.48954436231436915,-0.12681930845755487,-0.11054726818682056,-0.09783883584799627,-0.08910895069055019,-0.2947527348367141,-0.4205894447341829
2020-12-21,0.3923662713989108,0.08944919618667693,0.056710914214979966,0.13463882016615722,0.130716254153135,0.23865336809989338,0.45566928367283416,0.13670975424271814,0.2905480811643192,0.1386772312026066,0.16574704879415988,0.19346339045041772,-0.30647801296431426,-0.40952465023279183,-0.31087780150631794,-0.24216853361742002,0.1687966601377004,0.05611090532660527
2021-01-11,-0.385723923865569,0.0005358056272180001,0.09790573328346201,-0.2265289212290923,-0.16447935002936362,0.2145793797561648,-0.18078574437332584,0.32912992577084055,0.08647080178835878,0.2819225623073706,-0.08268307165393288,-0.11374003161182125,-0.39768930601911445,-0.3933894745847778,-0.4378566390763817,-0.3902636173172146,0.40942122781652457,-0.04222133910821346
2021-01-29,0.324694497063025,0.3530823046498185,0.08922615545585028,-0.07363729952566136,-0.18808124182642444,0.2546199095216936,0.12661757883171215,-0.08229950426542276,0.08993327072439006,-0.1623867000996841,0.11672299381511472,0.2160846759132054,0.9288105726486453,0.7680829613417084,0.583835104144549,0.4543995909411109,0.1143161802104351,0.001238320472183932
2021-03-02,0.0039368508446647466,0.10226521147431158,-0.29157501026446614,0.12691393112469646,-0.14564579467823197,0.1627320230429571,-0.184291976223451,-0.06316148095055464,0.15552886703398378,-0.5977303212289078,0.030925488909641946,0.10717618397386738,0.8257787542476414,0.9316393607365858,0.6354086967971018,0.5713549355002412,-0.6726750510393344,-0.10091778823401251
2021-03-22,0.2801864042207351,0.27576348815554247,0.18330060119804825,-0.0645824210028812,-0.20119360224394686,0.308869889346911,0.12881040725825404,0.19207936390890526,0.11963640710207984,0.19943885147121837,0.2528169540149997,0.2606726583419134,0.31765853773820113,0.2399074471156475,0.107145598693699,0.22760664078133558,0.12835775988025114,0.4411305870347939
2021-04-13,0.5188770062637313,0.11908000017647491,0.09370555933917535,-0.35611743524667383,-0.10724724203855518,0.17903917485029242,0.3148601572600599,0.14605560911298865,0.05916118707998868,0.42240067754088634,0.056307401932885,-0.03556216372223464,-0.4785051526014003,-0.476981847599893,-0.4047511143517214,-0.3953665151075603,0.5690777726589192,0.3088140560021195
2021-05-04,0.5516857921514374,0.4229658308844213,0.4404326643048983,0.09156927635987541,0.19466701817218068,0.30807123267425707,0.23046335179988306,0.28422009964707506,0.2540371016157288,0.3331437221712842,0.42362149094266977,0.4500053431773158,0.6199259376549264,0.46519324171199117,0.5094603734620085,0.5744445461107469,0.5856183057429095,0.6651008935853364
2021-05-24,-0.35576549184842954,-0.42646552209530336,0.03875442446440454,-0.5363775149147281,-0.4336972186694785,-0.47336477755509704,0.15840280669415674,0.4523155115742907,0.2597652631160625,0.26812047091749286,-0.4857573780806822,-0.4526818999773124,-0.5150978102287065,-0.46477839489673245,-0.5742700355616119,-0.4986210575208164,-0.48250948636671775,-0.5131438511235082
2021-06-11,-0.12452365443195797,-0.6071582207614775,0.24662117306647718,-0.31291972335996465,-0.7127182597994263,-0.3148804429844568,0.1311672466711915,0.13369384616486416,0.15861106462306893,0.16392518929977185,-0.4600364118186981,-0.48264926243562106,0.7687845941692455,1.0180265450207515,1.020619401270172,0.928884839599299,-0.03490044808815751,-0.04129392986386672
2021-07-02,-0.8329099433347058,-0.18386331155060595,-0.2766531141995378,0.2677844192475064,0.10482974592214067,-0.6898307361224446,0.21971791387759532,0.21103433552682224,0.42950276629269024,-0.37181041985760915,-0.02684884140044308,-0.011829871185514262,0.5233630268991731,0.5780693631168682,0.4144862683104563,0.5227653391139151,-0.23765364315535709,0.08546841044790145
2021-07-22,-0.1561599773919558,0.1501374481836012,-0.05153129658453158,0.2741270840638019,0.23224344940030178,0.052702291369419424,0.38904630989854283,0.4985404359394585,0.33093415119949665,0.4122548599526282,0.10271981451108084,0.14933321905224997,0.6038705954459301,0.48563087007878925,0.6034575377313223,0.6614726687079188,0.3014541304672178,-0.14338660161416494
2021-08-11,0.023109006579902065,0.0845858832444137,-0.25130316465442615,-0.2417289492439847,-0.06901401605143109,0.21901646959610926,-0.09366269587757371,0.3566748737602033,-0.1220377882367696,-0.09581873926544442,0.06782989045594887,0.04436684903783844,0.3216708464247372,0.18960342115016582,0.3206514053690688,0.2639570368347082,0.04302229246386779,0.11731065963530168
2021-08-31,0.019718971816876568,0.4100204340770819,-0.3227378972912465,0.25926868441436784,-0.09976946252990285,0.06451009372393655,0.12469422581191196,0.041383162489360414,-0.12314000821739937,0.2953964332834079,0.236713073517999,0.26179079707411856,-0.30967316466844624,-0.09571192138134027,-0.2956348439687731,-0.08820554571403177,-0.22942828908184434,0.46470312443295214
2021-09-22,0.05008413699032867,-0.042951972788081355,0.27110904971686917,-0.04322608327227734,-0.03072807502865199,-0.41422423668775676,0.3473172852470774,0.094406374659797,0.09039068191078327,0.17328370601189494,0.1490936883963964,0.09920125481188778,-0.2103647432018737,-0.047524166984978466,-0.14397512023877213,-0.0050145891079079186,0.45297720753915355,0.1303097084604158
2021-10-13,0.19270257279239786,0.5463824851677282,0.06842092061309238,-0.13506605500338165,-0.22599119312026839,0.3050131606770429,-0.5944755389589098,-0.07508791549419735,-0.30241320645294006,0.2898082984337804,-0.2734918850013679,-0.3258815064826517,0.19184764051611436,0.12288567938254552,0.13451774749606588,0.0039132037651302964,-0.15039787524617668,-0.1661888180418109
2021-11-02,-0.508118451216339,-0.06317189392347586,0.10790933437037137,0.6167817030909561,0.04168919776644231,-0.6323565574120318,-0.04239715510784403,0.3955297912949296,-0.8530596278502794,0.1291366791715401,-0.0234962598774896,-0.06884511623629011,0.7413445868268964,0.6720807356673909,0.7470176621707845,0.5792351372437202,-0.2437908511362939,-0.29670675780592115
2021-11-22,0.19966957633546964,-0.20774416521085096,-0.19695339827640443,0.4370893067339325,-0.172555328141571,0.3109939426493669,-0.26632898886216755,-0.08211790720088921,0.21050026177248093,-0.3597602099158989,-0.17666876211711868,-0.19635164764464014,0.6143988762649465,0.5128789684400656,0.7534773910648211,0.4603748827113552,0.3725323608411054,-0.09000673421399552
2021-12-10,-0.06634048724298205,-0.18321912826054487,0.10467996334790819,-0.022341974900301403,-0.4219127692967689,0.14128994460187821,-0.009279970165057048,-0.31735031701675454,0.20828879738119033,0.2034261698833628,-0.2785529386966431,-0.2435155244688112,0.1771520321286894,0.3102802972127818,0.23636770473103727,0.315954901846594,-0.04298683363391469,0.2840334927896237
2021-12-30,0.34651826397525876,-0.033711876824358056,-0.35405773104752336,-0.23228994072075615,-0.08073549998609875,-0.6235519595295921,0.23783842945739725,0.22551017777610882,0.2003234305897758,-0.034596797783970165,-0.011609321380887161,0.039012373737810635,-0.5813973005221653,-0.5402186036858843,-0.45529652481642063,-0.4828194094585689,-0.11014868494999919,-0.18077461306152975
2022-01-20,-0.1846301457734884,-0.3019266510929552,0.23925318390968417,-0.2480741302444062,0.21556126996040498,-0.8982651406565619,0.18311788036185686,-0.067364474711157,-0.4344817020755287,0.23762935596591084,-0.23449107280256104,-0.26164408175108955,0.7694690617932043,0.6234313488292872,0.675403069606981,0.570972556057355,0.19079126127467216,0.06482779730334563
2022-02-18,-0.1375300033734136,-0.42108069606300647,-0.25635182789887123,-0.3745195072370564,-0.267346046396725,0.21498252492819428,-0.28754253948200376,-0.41321169039265443,0.26390982931935975,-0.012641862182376395,-0.30235973965187546,-0.2717261338368867,0.022435644106786876,-0.08530526568729757,-0.37822506846290105,-0.17079736720802383,-0.26115780727693355,-0.33218536282695177
2022-03-11,-0.21191754004189922,-0.1885527307000313,0.15804236435064312,-0.17479085232262165,-0.40853363892396527,0.24363936362575028,-0.08859934268487182,0.013648450039779502,-0.14669037363470108,-0.406562630858366,-0.43538909447859864,-0.4091541608758135,0.0012904430312287996,0.06263956564061557,-0.10293457037091919,-0.15219881884745962,-0.5151811758677863,-0.36022314948425704
2022-03-31,-0.321362328157126,-0.6294201135464631,-0.24247520027364017,0.0976066201628229,-0.5682218248245416,0.10090388423507973,-0.2456287427645139,0.05182428325143259,0.023287363277264987,-0.1573418503140954,-0.5941104558039365,-0.6423491251014407,-0.16734427660821305,-0.3019226248389571,-0.2555958255457989,-0.21682328823952318,0.2690689726520868,-0.3811599974412042
2022-04-22,0.2327901880411685,-0.1007488651814682,-0.5618536856790106,-0.38985971941453557,0.3131562971694705,-0.9319327701247225,0.2893159549388389,-0.47719631351511044,0.004195092564871508,-0.12152477746961873,0.4429868733931704,0.37516291233283816,-0.6139147124637745,-0.49739429225832543,-0.48882674913795715,-0.4953808884234185,0.112041979139888,0.34061201129782126
2022-05-13,-0.30302877433712605,0.260381371564266,-0.4716268185886259,0.08244095657925138,-0.17706160371596105,-0.3072671336200486,0.23361527729482673,-0.07759477321412114,-0.2494696429205832,-0.6583433180651201,-0.27393695566162435,-0.2850243426429368,-0.3007095723196338,-0.38197688725934,-0.28461434786013273,-0.20791290748599217,-0.20471042733842593,-0.1798649278164072
2022-06-02,-0.5976141826825178,-0.40548557738936786,0.2282125029659151,-0.11328631170132727,-0.309545096387276,-0.3244844671707214,0.2743964763800944,-0.3842888931524673,0.21486529615633565,-0.2907928212831795,-0.39570510872991604,-0.40087313215779125,-0.5096550445304376,-0.6593306073930605,-0.6686734287634196,-0.7231041543571138,-0.242876072387548,-0.35273667965058136
2022-06-23,-0.3363876750804776,0.029770986441172625,0.4139072522242612,0.05481444140903806,0.6038349611293637,-0.3134343325030797,0.2039124924973677,-0.3458777721438277,0.04500093879731944,0.3376188160184906,0.5379296396189507,0.5216605253405512,0.10204911196063624,0.11302923267432191,-0.030872992323247084,-0.10122134027614393,-0.18900015968162487,0.5023112809465927
2022-07-13,-0.34431813338885875,-0.31456029939144753,-0.15385524114472057,-0.5671490443305947,-0.22931486063081521,-0.47962229194937134,-0.17286144749256296,-0.34558921526381575,-0.6064536298386074,-0.3030339605713685,-0.15961524387533613,-0.03574758792569521,-0.6136230366516269,-0.624633275836535,-0.5989905850274514,-0.5311789198092088,-0.4107163332110486,-0.21644809904542453
2022-08-02,-0.7203277398491106,-0.1244105895158443,-0.24068847584386072,-0.438041310027272,-0.2582468560613826,-0.304346198415159,-0.0037249047557763038,0.03746661605658972,-0.7691867472774637,-0.04979060148963982,-0.20768028308861675,-0.275477315820594,0.995210946807077,1.0576264797803099,1.0848620872801462,1.0664108686998546,0.030344803726112868,0.034307335461457145
2022-08-22,-0.14233749790472025,0.24869664357995608,-0.316909346405437,-0.46045638789416643,0.05484388249488756,0.11258838726816121,-0.19679852681360188,-0.16422494041341976,-0.4952593850820166,-0.6756191723757184,0.007288115646280929,0.034347873496687664,-0.4396863742228867,-0.6102900884615915,-0.4580162855959268,-0.5944488613519012,-0.19756418089414046,0.01154224744953214
2022-09-12,0.04048387247395979,-0.05320371827972714,0.4607619644492996,-0.7574620154014143,-0.1313851983760688,0.09657953756253351,-0.21427612316441347,0.15242774652568827,0.08351860686899541,0.08854787615989543,-0.11418129373764718,-0.12224883130551131,-0.4877850932294293,-0.554303555921235,-0.4377139845462609,-0.4655415955980767,-0.10735838507195888,-0.19612815919642942
2022-09-30,-0.04982066267447226,-0.35323331810060044,0.14662181463465976,-0.561431860619862,-0.25774719070206337,0.12461550223093179,0.008444411845064205,-0.09076670369404563,0.011572016632374364,-0.10137500456076977,-0.5143796581182791,-0.5344094972537611,-0.23150750201790965,-0.22203827274979127,-0.37499912040229666,-0.2680902286220487,-0.0629021920868979,-0.19701811798943145
2022-10-21,-0.6258388842232921,-0.24137607258783877,0.2072764556912225,-0.13064748856619854,-0.21737762475696618,0.1711565906650102,0.11303348610713695,0.20150158608280722,-0.18643620307786146,0.07993244346993815,-0.3616158692981074,-0.36097480775871404,-0.45302331528384665,-0.3076025583717766,-0.5205438283533685,-0.26891496958811345,0.22711762648699504,0.05092262604132816
2022-11-10,-0.5901943667723945,0.28860206492092055,0.3667001267724854,0.5847567229552957,0.11609375155360085,0.40850184716190985,-0.049407532373914126,-0.09663699048964328,0.016723042831792802,0.13412786552134603,0.35439810081128775,0.3163654157414981,-0.4199330302041613,-0.4454717298677036,-0.41510954687878526,-0.4043946248386856,0.11163713316008164,0.12603710838425772
2022-11-30,-0.02116610608569952,-0.1938992514300685,0.2850578339985358,-0.7066680838740351,0.16222600689628586,-0.2829258560006044,0.19866909419480472,-0.17470218648232472,-0.14473371398475762,0.011683135149408531,-0.023980118600539724,-0.050762359518570416,-0.21792970795697725,-0.2897756168882405,-0.15509494026904946,-0.2457999449303338,-0.2587134726659501,0.11754417246683269
2022-12-20,0.3630474909788834,-0.06165774275740919,-0.2288484431417075,-0.4974011087950201,0.21106065689238812,0.16603112564431927,-0.24226926549391106,0.13127024532122944,-0.02244208460427384,-0.00136442340719449,0.08388068330485336,0.06654522497630613,-0.44051159308538,-0.4712090504562615,-0.39230390992026287,-0.6398497531858685,-0.25718681073842203,0.07173900581161495
2023-01-10,-0.4147110038366816,-0.2386372333032725,-0.30923685685851526,-0.5152641372003908,0.17287778014935684,0.08504066382774284,0.1622778379057963,-0.15939769696428038,-0.005001681489633772,0.09957019991819108,0.18421933473241145,0.1556048459013371,-0.22200496031547068,-0.512162021485733,-0.29807823563978736,-0.47018674711510217,-0.4286480798533845,-0.20802687101710154
2023-02-09,-0.4019469969756818,0.004591658270324955,-0.39327388343658587,-0.05569297304622098,0.06778149455874366,-0.31525715134972776,0.31563903094039497,0.2842577280751527,-0.03785426200841956,0.21519517308380184,-0.0158186712155879,0.021724447161429378,0.12806677421230644,-0.05755107121405703,-0.16942946350714833,0.054491817419902,0.027654099714934877,0.10205611570384313
